step,type,amount,nameOrig,oldbalanceOrg,newbalanceOrig,nameDest,oldbalanceDest,newbalanceDest,isFlaggedFraud,FLAG,timestamp
282,DEBIT,538.2601083182375,C3331,2481.4982177730526,1943.238109454815,M9072,48264.795526046415,48803.05563436465,0,0,2025-05-12 17:48:02
282,TRANSFER,294.95387582168985,C6031,1323.0283333132347,1028.0744574915448,M8463,23335.23192004278,23630.185795864472,0,0,2025-05-12 17:48:02
282,CASH_OUT,744.8063986481081,C7085,3361.5692146863703,2616.762816038262,M8498,7103.809759728436,7848.616158376544,0,0,2025-05-12 17:48:02
282,TRANSFER,120540.68176147972,C9873,144648.81811377566,24108.136352295944,M3881,28060.28453129961,148600.96629277934,0,0,2025-05-12 17:48:02
282,TRANSFER,293.1397190593869,C4951,2196.21331161873,1903.0735925593433,M5799,1265.9476351390754,1559.0873541984622,0,0,2025-05-12 17:48:02
282,TRANSFER,467.50613641779614,C1665,3849.4609654190353,3381.954829001239,M2069,28157.18918830208,28624.695324719876,0,0,2025-05-12 17:48:02
282,CASH_OUT,11308.370605681963,C2519,13570.044726818354,2261.6741211363915,M1204,7201.632661360696,18510.00326704266,0,0,2025-05-12 17:48:02
282,TRANSFER,146630.78434184857,C9120,175956.94121021827,29326.156868369697,M2726,35218.049367744046,181848.8337095926,0,0,2025-05-12 17:48:02
282,DEBIT,2.848474010025533,C4250,10.175169129569518,7.326695119543985,M9507,10149.12647457603,10151.974948586056,0,1,2025-05-12 17:48:02
282,TRANSFER,793.4928393952958,C5993,6372.911889176346,5579.4190497810505,M9352,46222.8856799152,47016.37851931049,0,0,2025-05-12 17:48:02
282,CASH_OUT,111956.0035146331,C5104,134347.20421755972,22391.20070292661,M7563,25448.994938318032,137404.99845295114,0,0,2025-05-12 17:48:02
282,PAYMENT,785.4169757452863,C6518,2089.9782672568717,1304.5612915115853,M2480,2361.947548569532,3147.3645243148185,0,0,2025-05-12 17:48:02
282,CASH_OUT,112402.50328513747,C6447,134883.00394216497,22480.5006570275,M7129,48333.70186794041,160736.20515307787,0,0,2025-05-12 17:48:02
282,DEBIT,92.3993870856936,C3143,707.8866946486819,615.4873075629882,M5802,11147.164653457325,11239.564040543019,0,0,2025-05-12 17:48:02
282,TRANSFER,110.87782332977896,C8079,1012.5882501432086,901.7104268134296,M8208,27482.28206497335,27593.15988830313,0,0,2025-05-12 17:48:02
282,DEBIT,914.4770950302384,C6574,3212.4844681192308,2298.0073730889926,M7604,10321.309420307356,11235.786515337595,0,0,2025-05-12 17:48:02
282,DEBIT,96.95189632911742,C5246,744.5966933120533,647.6447969829359,M3105,44027.29855631864,44124.25045264776,0,0,2025-05-12 17:48:02
282,CASH_OUT,175.8939603020016,C8694,833.8801396473663,657.9861793453647,M4821,34791.82597183029,34967.71993213229,0,0,2025-05-12 17:48:02
282,CASH_OUT,217949.20893303226,C1163,261539.0507196387,43589.84178660644,M1174,18468.477170807855,236417.68610384013,1,1,2025-05-12 17:48:02
282,DEBIT,798.6135030764952,C4969,4561.066528790447,3762.4530257139513,M8192,9696.676485836315,10495.28998891281,0,0,2025-05-12 17:48:02
283,CASH_OUT,177420.24086686136,C2584,212904.28904023362,35484.048173372255,M8715,10593.424916924843,188013.66578378621,0,0,2025-05-12 17:48:03
283,PAYMENT,569.169131702541,C6594,5277.614695483945,4708.445563781404,M7695,34622.27424957765,35191.44338128019,0,0,2025-05-12 17:48:03
283,CASH_OUT,735.6767281073079,C3978,4381.930357560351,3646.253629453043,M9175,42282.60201499504,43018.278743102346,0,0,2025-05-12 17:48:03
283,PAYMENT,768.6401793279033,C4426,1254.4323428110893,485.79216348318596,M6104,41969.501104862706,42738.141284190606,0,0,2025-05-12 17:48:03
283,TRANSFER,465.54132871962696,C7541,3601.884814215034,3136.343485495407,M1521,21751.91292208074,22217.45425080037,0,0,2025-05-12 17:48:03
283,TRANSFER,16.504774282280014,C4315,24.714100991824893,8.209326709544879,M8254,15129.62208104161,15146.126855323892,0,0,2025-05-12 17:48:03
283,TRANSFER,138059.1887737854,C6494,165671.02652854248,27611.837754757085,M8085,3367.187660216281,141426.37643400166,0,1,2025-05-12 17:48:03
283,CASH_OUT,351.327504031042,C3037,2587.0043975269004,2235.6768934958586,M5846,39157.74286990306,39509.0703739341,0,0,2025-05-12 17:48:03
283,PAYMENT,74.2103819848797,C4797,673.5699817671932,599.3595997823135,M5178,32571.105718350573,32645.31610033545,0,0,2025-05-12 17:48:03
283,PAYMENT,879.8203552203526,C1508,2846.0733106019175,1966.2529553815648,M1329,29638.34060934589,30518.160964566243,0,0,2025-05-12 17:48:03
284,CASH_OUT,274.5693104982439,C4721,2201.7979665652542,1927.2286560670104,M6741,33005.7526724581,33280.32198295634,0,0,2025-05-12 17:48:04
284,PAYMENT,823.2837852627988,C5788,8122.61667658513,7299.332891322331,M7937,19428.00805220387,20251.29183746667,0,0,2025-05-12 17:48:04
284,CASH_OUT,72955.53210555585,C7452,87546.63852666701,14591.106421111166,M5775,29686.657820893775,102642.18992644962,0,0,2025-05-12 17:48:04
284,TRANSFER,302.5349064288079,C3891,1747.3008903173004,1444.7659838884924,M1148,19103.25616945161,19405.79107588042,0,0,2025-05-12 17:48:04
284,DEBIT,753.052278029871,C1702,3862.1920561383904,3109.1397781085193,M7525,47075.20938750072,47828.26166553059,0,0,2025-05-12 17:48:04
284,PAYMENT,329.21787760676773,C8589,1206.364989591399,877.1471119846314,M6202,35357.02145870906,35686.239336315826,0,0,2025-05-12 17:48:04
284,PAYMENT,559.7430007562194,C2448,2796.8443505819173,2237.101349825698,M4338,11919.386500904355,12479.129501660575,0,0,2025-05-12 17:48:04
284,TRANSFER,713.3782670337042,C3431,1235.1698842953997,521.7916172616955,M9620,24410.733656607492,25124.111923641198,0,0,2025-05-12 17:48:04
284,TRANSFER,138449.20739356702,C5761,166139.04887228043,27689.84147871341,M5019,9127.664914723166,147576.87230829019,0,1,2025-05-12 17:48:04
284,TRANSFER,746.285579403252,C5219,3502.2878267121823,2756.0022473089302,M6534,29807.396259814177,30553.68183921743,0,0,2025-05-12 17:48:04
285,TRANSFER,459.440414270147,C8625,2659.254030709048,2199.813616438901,M2354,28501.61999202734,28961.060406297485,0,0,2025-05-12 17:48:05
285,CASH_OUT,695.5522078613593,C7984,6809.687636407361,6114.135428546002,M2466,43004.94652163754,43700.4987294989,0,0,2025-05-12 17:48:05
285,PAYMENT,756.0959917946508,C5197,4612.200000738925,3856.1040089442745,M1675,42899.46851432749,43655.564506122144,0,0,2025-05-12 17:48:05
285,DEBIT,897.959228956077,C1470,4075.2883490983827,3177.329120142306,M5064,30051.021912861146,30948.981141817225,0,0,2025-05-12 17:48:05
285,CASH_OUT,563.0806222304924,C3826,2685.204330392051,2122.1237081615586,M5575,27755.244590819744,28318.325213050237,0,0,2025-05-12 17:48:05
285,CASH_OUT,42895.76894837941,C9183,51474.92273805529,8579.153789675882,M5090,30046.82322094323,72942.59216932264,0,0,2025-05-12 17:48:05
285,TRANSFER,95.99962538349737,C9985,708.0636697646917,612.0640443811943,M8691,1176.28365567925,1272.2832810627474,0,0,2025-05-12 17:48:05
285,TRANSFER,717.0118455892804,C6032,1456.765240247225,739.7533946579446,M8681,20532.321300472362,21249.333146061643,0,0,2025-05-12 17:48:05
285,DEBIT,6.2266714039281545,C1463,40.82276875227869,34.59609734835054,M5057,18161.940855190987,18168.167526594916,0,1,2025-05-12 17:48:05
285,PAYMENT,316.34644557317336,C3138,2409.98205572858,2093.6356101554065,M7883,48306.460933403636,48622.80737897681,0,0,2025-05-12 17:48:05
286,CASH_OUT,682.6749201403729,C8215,3200.183119157403,2517.50819901703,M4702,24079.580775099606,24762.25569523998,0,0,2025-05-12 17:48:06
286,TRANSFER,176.55064517017757,C1222,886.6171828083855,710.0665376382078,M9921,2115.7931568877907,2292.3438020579683,0,0,2025-05-12 17:48:06
286,CASH_OUT,6.866245598109877,C9447,59.33555662805625,52.469311029946375,M4446,35090.214625358385,35097.080870956495,0,1,2025-05-12 17:48:06
286,PAYMENT,464.17867474181656,C7502,1878.533716227753,1414.3550414859365,M2000,8356.155519418284,8820.334194160101,0,0,2025-05-12 17:48:06
286,TRANSFER,452.49879043928195,C5983,470.77927077044666,18.28048033116471,M4575,2352.056925129659,2804.5557155689407,0,0,2025-05-12 17:48:06
286,TRANSFER,897.398853222188,C9925,1350.4315499408826,453.03269671869464,M3743,48930.41201545262,49827.8108686748,0,0,2025-05-12 17:48:06
286,CASH_OUT,255.85736838245685,C4322,1130.3365196417776,874.4791512593208,M1857,47911.767792331404,48167.62516071386,0,0,2025-05-12 17:48:06
286,TRANSFER,14456.625110883475,C9803,17347.95013306017,2891.3250221766957,M6282,47971.40196108345,62428.02707196693,0,0,2025-05-12 17:48:06
286,CASH_OUT,817.6072918239621,C6377,2356.6416717721045,1539.0343799481425,M3341,45921.33793555395,46738.94522737791,0,0,2025-05-12 17:48:06
286,DEBIT,170.89072580218766,C2871,397.57455988505194,226.68383408286428,M2829,1416.3161251856793,1587.206850987867,0,0,2025-05-12 17:48:06
287,TRANSFER,261.2102846586454,C1131,2508.4610431854703,2247.250758526825,M7426,25012.460162166113,25273.67044682476,0,0,2025-05-12 17:48:07
287,TRANSFER,243.58606108429368,C5137,438.5654376189468,194.97937653465314,M3663,7333.148463408362,7576.7345244926555,0,0,2025-05-12 17:48:07
287,TRANSFER,51.55015432167321,C9162,284.018152587603,232.46799826592982,M1857,39302.50031435733,39354.050468679,0,0,2025-05-12 17:48:07
287,DEBIT,1.7827165116463548,C3435,11.914690293095282,10.131973781448927,M6885,26760.438276920784,26762.22099343243,0,1,2025-05-12 17:48:07
287,DEBIT,240.64661223868939,C2950,1913.5143892597025,1672.8677770210131,M4073,22572.25289739547,22812.899509634157,0,0,2025-05-12 17:48:07
287,PAYMENT,317.71425044125203,C7682,1540.2688589703696,1222.5546085291176,M1647,3861.875255838759,4179.589506280011,0,0,2025-05-12 17:48:07
287,DEBIT,834.3313726096891,C6593,1260.5459479713204,426.2145753616313,M7698,47394.50489861404,48228.83627122373,0,0,2025-05-12 17:48:07
287,CASH_OUT,800.7769205684551,C2458,3424.532148000443,2623.755227431988,M2601,30597.006581910042,31397.783502478498,0,0,2025-05-12 17:48:07
287,TRANSFER,769.554660303006,C3417,6619.015671349102,5849.461011046096,M1240,10959.702874581268,11729.257534884273,0,0,2025-05-12 17:48:07
287,DEBIT,350.92099993749883,C8308,2792.9028155787682,2441.9818156412693,M6751,25807.98737648639,26158.90837642389,0,0,2025-05-12 17:48:07
288,CASH_OUT,297.85406461801443,C4107,1161.8052102130835,863.951145595069,M1273,36069.94604982907,36367.80011444708,0,0,2025-05-12 17:48:08
288,CASH_OUT,812.5329818193518,C2565,2926.7250083794975,2114.1920265601457,M7555,18380.91833289211,19193.451314711463,0,0,2025-05-12 17:48:08
288,PAYMENT,9.434735994918466,C9999,12.484133206209439,3.049397211290973,M5694,36175.34197958011,36184.776715575026,0,1,2025-05-12 17:48:08
288,CASH_OUT,154.24774917742786,C1637,1094.3045969108744,940.0568477334465,M5000,24261.222074941856,24415.469824119282,0,0,2025-05-12 17:48:08
288,PAYMENT,502.1941658610916,C7104,4566.288564388916,4064.094398527824,M3130,8863.83505689345,9366.029222754541,0,0,2025-05-12 17:48:08
288,PAYMENT,513.0869111958821,C8409,2533.9303093289072,2020.8433981330252,M4218,36840.167064550704,37353.253975746586,0,0,2025-05-12 17:48:08
288,PAYMENT,851.2948270263362,C9410,8228.197360265673,7376.902533239337,M6645,44510.89429131544,45362.189118341776,0,0,2025-05-12 17:48:08
288,DEBIT,395.62046489816174,C1346,842.8712741925253,447.2508092943636,M7779,39106.88455506992,39502.50501996808,0,0,2025-05-12 17:48:08
288,CASH_OUT,504.8337613914122,C9878,4444.840233393489,3940.006472002077,M6058,25518.73282549058,26023.566586881992,0,0,2025-05-12 17:48:08
288,PAYMENT,794.2380972715351,C9390,6822.675170341864,6028.437073070329,M6816,21419.234774434026,22213.472871705562,0,0,2025-05-12 17:48:08
289,PAYMENT,42.79297227494787,C7788,125.46520160424711,82.67222932929924,M4288,16641.43504414869,16684.228016423636,0,0,2025-05-12 17:48:09
289,DEBIT,504.6918017958909,C4499,969.9457703574246,465.2539685615337,M7730,3186.843095638564,3691.534897434455,0,0,2025-05-12 17:48:09
289,DEBIT,68.36895813347573,C6588,674.068504321537,605.6995461880613,M5662,24623.97719464904,24692.346152782517,0,0,2025-05-12 17:48:09
289,CASH_OUT,773.0250355471676,C3616,850.9811057732963,77.95607022612876,M2341,24145.896972414022,24918.92200796119,0,0,2025-05-12 17:48:09
289,DEBIT,5.22070382983649,C6114,21.501511571763388,16.2808077419269,M1995,38928.40233702417,38933.62304085401,0,1,2025-05-12 17:48:09
289,PAYMENT,651.4452140593439,C9785,5049.15245617384,4397.707242114496,M7490,22170.849067478764,22822.29428153811,0,0,2025-05-12 17:48:09
289,DEBIT,923.1011810780285,C5944,3454.8587162560825,2531.7575351780542,M3820,28877.142694939972,29800.243876018,0,0,2025-05-12 17:48:09
289,PAYMENT,182.64373043081957,C7920,235.94028186361942,53.296551432799845,M1816,34190.17345888499,34372.81718931581,0,0,2025-05-12 17:48:09
289,CASH_OUT,139.83111584559603,C6732,208.00751389295777,68.17639804736174,M2252,15562.776442987464,15702.60755883306,0,0,2025-05-12 17:48:09
289,DEBIT,224.69177982161528,C5656,1025.2489828020625,800.5572029804473,M9584,5034.968007610174,5259.6597874317895,0,0,2025-05-12 17:48:09
290,TRANSFER,648.8860466398345,C6088,842.3718044673882,193.4857578275537,M3199,17976.742235295766,18625.6282819356,0,0,2025-05-12 17:48:10
290,TRANSFER,157.23302707248402,C3146,1553.6081299513455,1396.3751028788615,M3849,2660.437304084534,2817.670331157018,0,0,2025-05-12 17:48:10
290,TRANSFER,394.24411136040095,C7480,1559.3649313357105,1165.1208199753096,M3215,32830.77232497249,33225.01643633289,0,0,2025-05-12 17:48:10
290,TRANSFER,187.89517982275405,C2203,1836.8689655955056,1648.9737857727516,M6223,31292.326191707605,31480.22137153036,0,0,2025-05-12 17:48:10
290,CASH_OUT,750.4475107630033,C7106,5768.034190920669,5017.586680157666,M9616,36963.955443916224,37714.40295467923,0,0,2025-05-12 17:48:10
290,PAYMENT,280.85248241231875,C6744,2308.2152921341494,2027.3628097218307,M8895,25443.714870694028,25724.567353106348,0,0,2025-05-12 17:48:10
290,CASH_OUT,101245.24664318579,C1164,121494.29597182294,20249.04932863715,M7300,5452.89687552305,106698.14351870884,0,1,2025-05-12 17:48:10
290,DEBIT,415.2256397645085,C5730,1779.4146751495184,1364.18903538501,M1682,44124.51837836921,44539.74401813372,0,0,2025-05-12 17:48:10
290,TRANSFER,616.5435260262612,C9019,5340.441340819759,4723.897814793498,M9746,4688.251720966375,5304.795246992636,0,0,2025-05-12 17:48:10
290,TRANSFER,303.42027889705724,C3391,2994.2741133430304,2690.853834445973,M1707,5377.347971003904,5680.768249900961,0,0,2025-05-12 17:48:10
291,CASH_OUT,426.9179901141266,C7313,568.6092272296048,141.6912371154782,M4692,45487.926418521434,45914.84440863556,0,0,2025-05-12 17:48:11
291,CASH_OUT,538.7717465154851,C6622,4905.514047315792,4366.742300800306,M1245,18079.677190152182,18618.448936667668,0,0,2025-05-12 17:48:11
291,DEBIT,2.5058319342441457,C3756,22.336116943603184,19.830285009359038,M9282,30710.821675998683,30713.327507932925,0,1,2025-05-12 17:48:11
291,TRANSFER,467.0813949222961,C3782,1334.9570363969856,867.8756414746895,M6242,21119.585296853227,21586.666691775525,0,0,2025-05-12 17:48:11
291,TRANSFER,92178.89622668097,C5948,110614.67547201716,18435.77924533619,M3106,21514.248139299107,113693.14436598007,0,0,2025-05-12 17:48:11
291,CASH_OUT,419.0586997788091,C4848,3211.812134687288,2792.753434908479,M8849,12857.71857284888,13276.777272627689,0,0,2025-05-12 17:48:11
291,PAYMENT,770.0626350598035,C4760,2852.7195575783735,2082.65692251857,M2665,47980.54378882453,48750.60642388433,0,0,2025-05-12 17:48:11
291,TRANSFER,510.8185609928495,C5745,4456.520639113553,3945.702078120704,M3568,28053.263051541395,28564.081612534243,0,0,2025-05-12 17:48:11
291,PAYMENT,370.5539288017261,C3375,3209.448023354627,2838.8940945529007,M7792,31651.239695544526,32021.79362434625,0,0,2025-05-12 17:48:11
291,DEBIT,379.3763238203644,C2930,3078.2712324282084,2698.8949086078437,M8031,7273.484281449294,7652.860605269659,0,0,2025-05-12 17:48:11
292,PAYMENT,189.30749728163067,C6128,1448.94001191782,1259.6325146361892,M5056,25698.852992412845,25888.160489694477,0,0,2025-05-12 17:48:12
292,CASH_OUT,588.667940436673,C5298,3530.3814536913633,2941.71351325469,M2944,40980.17986713593,41568.8478075726,0,0,2025-05-12 17:48:12
292,TRANSFER,358.2950357428446,C3226,1305.8996449474107,947.604609204566,M5018,23770.374348463996,24128.66938420684,0,0,2025-05-12 17:48:12
292,TRANSFER,257.89445956488,C8530,889.8328807133805,631.9384211485005,M3354,24347.323764969136,24605.218224534015,0,0,2025-05-12 17:48:12
292,PAYMENT,908.1782805318006,C4799,1276.9822586176151,368.8039780858145,M1405,29776.06011840409,30684.23839893589,0,0,2025-05-12 17:48:12
292,TRANSFER,119.93606104644431,C8358,1053.1419587007092,933.2058976542648,M9824,46925.178549129225,47045.11461017567,0,0,2025-05-12 17:48:12
292,DEBIT,939.9247315886539,C4853,3910.586192459309,2970.661460870655,M4037,22923.059729224387,23862.98446081304,0,0,2025-05-12 17:48:12
292,TRANSFER,905.6511935982597,C5716,1968.3572717144057,1062.7060781161458,M3667,26621.964110217166,27527.615303815426,0,0,2025-05-12 17:48:12
292,DEBIT,6.386453649734972,C6221,31.500356677385614,25.113903027650643,M4934,16612.72405542929,16619.110509079026,0,1,2025-05-12 17:48:12
292,PAYMENT,907.7519845999414,C6633,2572.2199889812264,1664.468004381285,M9420,5369.778901703409,6277.530886303351,0,0,2025-05-12 17:48:12
293,DEBIT,650.9116245047682,C8581,5519.826552769997,4868.914928265229,M6838,17434.808086331555,18085.719710836325,0,0,2025-05-12 17:48:13
293,DEBIT,939.0394315001985,C8350,2182.9659883243553,1243.9265568241567,M5813,2515.3891222069956,3454.428553707194,0,0,2025-05-12 17:48:13
293,DEBIT,1.1749234311876509,C5273,10.257541192926858,9.082617761739208,M9506,46987.89442631755,46989.06934974874,0,1,2025-05-12 17:48:13
293,DEBIT,748.9540716588007,C4068,2498.476957699463,1749.5228860406623,M5426,11593.501198971035,12342.455270629835,0,0,2025-05-12 17:48:13
293,PAYMENT,908.8931780781695,C8584,4278.245122205684,3369.351944127515,M2898,15303.219581204841,16212.11275928301,0,0,2025-05-12 17:48:13
293,PAYMENT,642.6032956061549,C8292,4411.318966882331,3768.7156712761757,M3135,40542.384186225136,41184.98748183129,0,0,2025-05-12 17:48:13
293,DEBIT,892.1704306731586,C6284,7511.318430250024,6619.147999576865,M9879,365.8616457610286,1258.0320764341873,0,0,2025-05-12 17:48:13
293,PAYMENT,545.8927546727322,C2807,3423.324282136636,2877.431527463904,M5837,37926.35656568932,38472.249320362054,0,0,2025-05-12 17:48:13
293,DEBIT,199.38822584130466,C1143,550.1456557040087,350.75742986270404,M7691,38938.98550299748,39138.373728838786,0,0,2025-05-12 17:48:13
293,TRANSFER,673.8568432435561,C9507,1132.5237105256215,458.66686728206537,M2787,20915.442795544514,21589.29963878807,0,0,2025-05-12 17:48:13
294,TRANSFER,98.89395989791329,C9549,827.6307631348452,728.7368032369319,M7744,17572.97111249324,17671.865072391152,0,0,2025-05-12 17:48:14
294,TRANSFER,302.4455486872772,C6415,2661.8956357189973,2359.45008703172,M6325,21107.498591854503,21409.94414054178,0,0,2025-05-12 17:48:14
294,TRANSFER,499.16087479402876,C3042,4800.023543876019,4300.86266908199,M9018,4307.650603637752,4806.811478431781,0,0,2025-05-12 17:48:14
294,DEBIT,22.81980557318057,C3305,223.50407960929923,200.68427403611867,M5736,5295.208220526009,5318.02802609919,0,0,2025-05-12 17:48:14
294,TRANSFER,486.70838608547984,C6189,2409.2013172221777,1922.492931136698,M5932,35228.42789650514,35715.13628259062,0,0,2025-05-12 17:48:14
294,CASH_OUT,3.254005575108222,C5048,9.941120656748287,6.687115081640066,M9278,42054.66965841145,42057.923663986556,0,1,2025-05-12 17:48:14
294,DEBIT,4845.924281417378,C6163,30733.630031367527,25887.70574995015,M1067,26161.75317951308,31007.67746093046,0,0,2025-05-12 17:48:14
294,TRANSFER,765.6714866470248,C4955,5895.142524623229,5129.471037976205,M9563,41717.77551170638,42483.44699835341,0,0,2025-05-12 17:48:14
294,TRANSFER,452.38071549528485,C9251,3135.013497734442,2682.632782239157,M4112,14922.30154956269,15374.682265057974,0,0,2025-05-12 17:48:14
294,TRANSFER,899.747158530244,C7811,4145.324990776059,3245.5778322458154,M5901,9480.371609985139,10380.118768515384,0,0,2025-05-12 17:48:14
295,TRANSFER,192842.14868995256,C2479,231410.57842794308,38568.42973799052,M7240,19501.33265612763,212343.4813460802,0,0,2025-05-12 17:48:15
295,CASH_OUT,194583.950144121,C9368,233500.74017294517,38916.79002882418,M7843,39366.8020475037,233950.7521916247,0,0,2025-05-12 17:48:15
295,PAYMENT,26039.66457979397,C7283,31247.597495752765,5207.932915958794,M1429,15044.267757172192,41083.932336966165,0,0,2025-05-12 17:48:15
295,PAYMENT,4.154897840096719,C1009,28.058959888636007,23.904062048539288,M8863,14119.473339310707,14123.628237150804,0,1,2025-05-12 17:48:15
295,CASH_OUT,719.096311931628,C5118,5892.890949239731,5173.794637308103,M2108,2542.750710519165,3261.847022450793,0,0,2025-05-12 17:48:15
295,PAYMENT,890.6907003009272,C8942,4505.49877456169,3614.8080742607626,M6125,10401.947009944384,11292.637710245312,0,0,2025-05-12 17:48:15
295,CASH_OUT,124802.16909479389,C9727,149762.60291375266,24960.433818958772,M2438,36885.72065444009,161687.889749234,0,0,2025-05-12 17:48:15
295,PAYMENT,993.16865691171,C7034,9876.140113045041,8882.971456133331,M3767,40517.07714490333,41510.245801815036,0,0,2025-05-12 17:48:15
295,PAYMENT,969.3239215751552,C9088,4627.523840927208,3658.199919352053,M5370,13424.935106191022,14394.259027766177,0,0,2025-05-12 17:48:15
295,PAYMENT,253.5504105551945,C3549,544.7794174825162,291.22900692732173,M1553,6298.718757494198,6552.269168049393,0,0,2025-05-12 17:48:15
296,TRANSFER,522.0821001756173,C2795,5066.387165157687,4544.30506498207,M2530,903.554028167347,1425.6361283429642,0,0,2025-05-12 17:48:16
296,PAYMENT,991.4036822401932,C7961,9602.131922175311,8610.728239935117,M5523,32809.828807670136,33801.232489910326,0,0,2025-05-12 17:48:16
296,TRANSFER,157888.9958710207,C5600,189466.79504522486,31577.79917420415,M5074,9565.50853007561,167454.50440109632,0,1,2025-05-12 17:48:16
296,DEBIT,603.7267924494568,C9655,5891.222586365071,5287.495793915614,M5531,10608.904204258812,11212.630996708269,0,0,2025-05-12 17:48:16
296,DEBIT,247.35221020416907,C1343,936.2440283571361,688.8918181529671,M3340,26229.218308637486,26476.570518841654,0,0,2025-05-12 17:48:16
296,DEBIT,85.96847014313832,C4251,685.7189016524234,599.750431509285,M7325,7543.635370847651,7629.603840990789,0,0,2025-05-12 17:48:16
296,DEBIT,701.3744382477622,C9745,1845.2828734449586,1143.9084351971965,M4059,36877.7745055328,37579.14894378056,0,0,2025-05-12 17:48:16
296,DEBIT,120.02917309668435,C2211,725.4182241858017,605.3890510891174,M1427,49039.55785409733,49159.587027194015,0,0,2025-05-12 17:48:16
296,PAYMENT,515.7357494292809,C4318,2280.87626987883,1765.140520449549,M8148,26570.182545825886,27085.918295255167,0,0,2025-05-12 17:48:16
296,DEBIT,903.7176691069004,C3165,5575.909727046302,4672.192057939401,M8995,3387.4397145424227,4291.1573836493235,0,0,2025-05-12 17:48:16
297,PAYMENT,984.1616478195061,C8249,8035.9833023735,7051.8216545539935,M7099,35751.20597593621,36735.367623755716,0,0,2025-05-12 17:48:17
297,TRANSFER,240.9397919462843,C8105,2290.5626434825153,2049.622851536231,M8588,10468.87423180024,10709.814023746525,0,0,2025-05-12 17:48:17
297,CASH_OUT,140.9766931885157,C4338,888.6170581761621,747.6403649876464,M5169,10485.210259182048,10626.186952370563,0,0,2025-05-12 17:48:17
297,CASH_OUT,309.1117627485271,C8264,2420.6838592005906,2111.5720964520633,M1873,22941.739934087404,23250.85169683593,0,0,2025-05-12 17:48:17
297,PAYMENT,484.9245148124664,C1313,4196.9615721419705,3712.037057329504,M3590,24042.471409559803,24527.395924372267,0,0,2025-05-12 17:48:17
297,TRANSFER,521.0978669744584,C2200,4602.958304132936,4081.860437158478,M3724,43402.09325728797,43923.19112426243,0,0,2025-05-12 17:48:17
297,CASH_OUT,107859.99932910419,C7945,129431.99919492503,21571.999865820835,M7900,30381.379938085684,138241.37926718988,0,1,2025-05-12 17:48:17
297,TRANSFER,587.2813214991372,C2227,3291.399644550359,2704.1183230512215,M5807,29069.89833943086,29657.179660929996,0,0,2025-05-12 17:48:17
297,TRANSFER,108142.60232382869,C5439,129771.12278859442,21628.520464765737,M7219,29591.21090759712,137733.8132314258,0,0,2025-05-12 17:48:17
297,DEBIT,674.7198291567413,C9781,4745.631547386506,4070.911718229765,M4981,48630.161430347915,49304.881259504655,0,0,2025-05-12 17:48:17
298,PAYMENT,363.6198070262423,C2568,3141.259900680301,2777.640093654059,M5175,14981.619580726923,15345.239387753165,0,0,2025-05-12 17:48:18
298,PAYMENT,22941.69681478406,C6224,27530.036177740873,4588.339362956813,M3717,36949.61953657572,59891.31635135978,0,0,2025-05-12 17:48:18
298,DEBIT,20.081542887144487,C9337,76.76765550995079,56.6861126228063,M7052,34379.03143714914,34399.11298003628,0,0,2025-05-12 17:48:18
298,TRANSFER,160.13237762683673,C2129,478.8083592205529,318.6759815937162,M7239,36512.000401299985,36672.132778926825,0,0,2025-05-12 17:48:18
298,DEBIT,155.93032217705255,C4827,442.3788434955253,286.4485213184728,M1220,46621.910342737574,46777.84066491463,0,0,2025-05-12 17:48:18
298,DEBIT,891.2732607428742,C4398,2065.6245989646854,1174.3513382218111,M2064,36277.95278406269,37169.22604480557,0,0,2025-05-12 17:48:18
298,TRANSFER,31.0482751194993,C2757,303.58613198535716,272.53785686585786,M6189,11613.617882063809,11644.666157183308,0,0,2025-05-12 17:48:18
298,TRANSFER,198669.50615950557,C3782,238403.40739140668,39733.90123190111,M5020,37244.45542170799,235913.96158121357,0,1,2025-05-12 17:48:18
298,CASH_OUT,392.0113780535133,C2638,3590.8447946674364,3198.833416613923,M3098,49232.02722927788,49624.03860733139,0,0,2025-05-12 17:48:18
298,DEBIT,923.8334512922003,C1486,2747.8974412793655,1824.0639899871653,M2261,40433.87755656245,41357.711007854654,0,0,2025-05-12 17:48:18
299,CASH_OUT,863.1900839180539,C2555,8088.740813607561,7225.550729689507,M6949,21927.42249625865,22790.6125801767,0,0,2025-05-12 17:48:19
299,DEBIT,187.37156688976026,C3661,1286.7151264490255,1099.3435595592653,M8036,18649.842335139143,18837.213902028903,0,0,2025-05-12 17:48:19
299,CASH_OUT,214309.28504638263,C9926,257171.14205565915,42861.857009276515,M2861,6050.12896086684,220359.41400724946,1,1,2025-05-12 17:48:19
299,TRANSFER,59.59938538331432,C7771,315.41815179048695,255.81876640717263,M6733,12877.68967859126,12937.289063974575,0,0,2025-05-12 17:48:19
299,PAYMENT,14.079453943006229,C6670,72.1835797661821,58.10412582317588,M8106,9828.06016612096,9842.139620063967,0,0,2025-05-12 17:48:19
299,PAYMENT,162.41374949779828,C3529,730.9628271028628,568.5490776050644,M6034,9034.39925093854,9196.81300043634,0,0,2025-05-12 17:48:19
299,DEBIT,617.2169155008,C1969,2773.3229233620755,2156.1060078612754,M7408,44874.04817391342,45491.26508941422,0,0,2025-05-12 17:48:19
299,TRANSFER,215.0267843962199,C4249,842.5893903059696,627.5626059097497,M5343,31141.33653048048,31356.3633148767,0,0,2025-05-12 17:48:19
299,CASH_OUT,471.96113155303516,C8899,2717.2729097446377,2245.3117781916026,M1810,21967.470670353527,22439.43180190656,0,0,2025-05-12 17:48:19
299,DEBIT,66.27888366984948,C7895,515.6864980719258,449.4076144020763,M5939,1901.45402401245,1967.7329076822994,0,0,2025-05-12 17:48:19
300,CASH_OUT,256.3216168879085,C8997,691.6586226502629,435.33700576235447,M2733,17071.25710363572,17327.578720523627,0,0,2025-05-12 17:48:20
300,CASH_OUT,685.060892555879,C4896,6036.118298902118,5351.057406346239,M1015,7872.3767650481395,8557.43765760402,0,0,2025-05-12 17:48:20
300,PAYMENT,3.444445885929772,C2397,7.858647204888841,4.414201318959069,M3755,46102.97289621439,46106.41734210032,0,1,2025-05-12 17:48:20
300,TRANSFER,85.44263786393688,C7287,529.2035372095789,443.7608993456421,M7747,20915.48119094773,21000.923828811665,0,0,2025-05-12 17:48:20
300,TRANSFER,315.85582613406945,C9451,1577.6371234168907,1261.7812972828212,M1388,82.61691235380565,398.47273848787506,0,0,2025-05-12 17:48:20
300,PAYMENT,312.4397171454188,C3106,1901.2525244540855,1588.8128073086666,M3684,30600.874195745415,30913.313912890833,0,0,2025-05-12 17:48:20
300,PAYMENT,203.69680426158942,C8114,650.8171595840093,447.1203553224199,M3495,31216.549476606055,31420.246280867643,0,0,2025-05-12 17:48:20
300,PAYMENT,520.5160493000055,C4034,4950.724950210064,4430.208900910058,M1939,38911.39956608723,39431.91561538724,0,0,2025-05-12 17:48:20
300,CASH_OUT,173257.69841133742,C1786,207909.2380936049,34651.53968226747,M2348,27905.417058005398,201163.11546934283,0,0,2025-05-12 17:48:20
300,CASH_OUT,70041.94938890339,C2926,84050.33926668407,14008.389877780675,M8679,30476.842826226984,100518.79221513038,0,0,2025-05-12 17:48:20
301,TRANSFER,389.4764424183673,C7115,1463.0888046591422,1073.612362240775,M1706,25627.15070680178,26016.62714922015,0,0,2025-05-12 17:48:21
301,DEBIT,550.3487703748826,C6160,4480.327264524155,3929.9784941492726,M2711,37524.63588161389,38074.98465198877,0,0,2025-05-12 17:48:21
301,TRANSFER,193034.45617910902,C4499,231641.34741493082,38606.89123582179,M7114,11978.70723918965,205013.16341829867,0,0,2025-05-12 17:48:21
301,TRANSFER,673.8607125380406,C9549,4131.858530575395,3457.9978180373546,M4767,27536.32968473544,28210.19039727348,0,0,2025-05-12 17:48:21
301,CASH_OUT,205618.84135854623,C6737,246742.60963025547,41123.76827170924,M7069,9445.938059162263,215064.7794177085,1,1,2025-05-12 17:48:21
301,TRANSFER,923.5471205843281,C5422,3649.107520946132,2725.5604003618037,M9849,35955.2102498536,36878.757370437925,0,0,2025-05-12 17:48:21
301,TRANSFER,154.8341644582522,C8661,693.1683263171795,538.3341618589274,M1627,49232.829383758515,49387.66354821677,0,0,2025-05-12 17:48:21
301,PAYMENT,924.7630457400302,C5409,1764.4761307850551,839.713085045025,M7736,44471.275413330564,45396.038459070594,0,0,2025-05-12 17:48:21
301,PAYMENT,324.17367920686627,C8262,1764.4028325429726,1440.2291533361063,M5699,19024.051037974805,19348.22471718167,0,0,2025-05-12 17:48:21
301,DEBIT,418.78525647728287,C1926,742.6385711365003,323.85331465921746,M9674,11703.366651458908,12122.15190793619,0,0,2025-05-12 17:48:21
302,DEBIT,17899.482761833915,C3070,21479.379314200698,3579.896552366783,M9736,41684.95566276018,59584.43842459409,0,0,2025-05-12 17:48:22
302,TRANSFER,853.0489551818605,C9792,2990.2006447294384,2137.151689547578,M1939,34623.025218701616,35476.07417388348,0,0,2025-05-12 17:48:22
302,DEBIT,673.0593692116421,C7107,910.617195529961,237.55782631831892,M5641,11987.406784148658,12660.4661533603,0,0,2025-05-12 17:48:22
302,PAYMENT,361.9119000177887,C3892,1353.5159833033902,991.6040832856015,M1761,20779.353115432696,21141.265015450484,0,0,2025-05-12 17:48:22
302,TRANSFER,390.7510801031478,C7774,789.7842958449837,399.03321574183593,M7135,4653.131925396775,5043.883005499923,0,0,2025-05-12 17:48:22
302,DEBIT,514.6032048774897,C1790,3390.011513256409,2875.4083083789196,M2180,23124.589582060707,23639.192786938198,0,0,2025-05-12 17:48:22
302,TRANSFER,102719.06486977533,C6398,123262.8778437304,20543.812973955064,M6153,8031.741143730275,110750.80601350561,0,0,2025-05-12 17:48:22
302,CASH_OUT,6.348305721244485,C3942,62.082910072332844,55.73460435108836,M2150,1766.6636145415914,1773.011920262836,0,1,2025-05-12 17:48:22
302,CASH_OUT,275.99050407411596,C6151,2098.8598072480113,1822.8693031738953,M9136,40447.28379078966,40723.274294863775,0,0,2025-05-12 17:48:22
302,CASH_OUT,546.2665316612154,C5938,5358.484499634252,4812.217967973036,M7339,41757.18251512391,42303.44904678513,0,0,2025-05-12 17:48:22
660,TRANSFER,496.4758224713196,C8093,2650.9311862184577,2154.455363747138,M5156,37668.573056273795,38165.04887874512,0,0,2025-05-13 11:57:40
660,TRANSFER,610.6941924069287,C4391,1071.4573260719285,460.7631336649998,M9040,33010.03992119792,33620.73411360484,0,0,2025-05-13 11:57:40
660,DEBIT,251.46542632003832,C1423,2331.8409882813016,2080.3755619612634,M1144,24981.50938741827,25232.97481373831,0,0,2025-05-13 11:57:40
660,DEBIT,941.9162236258694,C5846,2446.85967278586,1504.9434491599905,M4609,48952.162945745426,49894.079169371296,0,0,2025-05-13 11:57:40
660,TRANSFER,711.0076289001993,C3000,4000.2288023521132,3289.221173451914,M4665,18639.068851376844,19350.076480277043,0,0,2025-05-13 11:57:40
660,CASH_OUT,939.477940173635,C1957,6584.39715964649,5644.919219472855,M7327,2871.3930915119367,3810.871031685572,0,0,2025-05-13 11:57:40
660,DEBIT,165.056747446401,C9422,1363.8740821666104,1198.8173347202094,M3132,24530.945002273325,24696.001749719726,0,0,2025-05-13 11:57:40
660,DEBIT,1.9400172734445547,C7311,17.796031728454352,15.856014455009797,M3428,15740.87826670354,15742.818283976983,0,1,2025-05-13 11:57:40
660,DEBIT,464.59794626232684,C7749,3268.110182161402,2803.512235899075,M3525,6136.447831258879,6601.045777521206,0,0,2025-05-13 11:57:40
660,PAYMENT,973.8522946473656,C8432,8897.839873746461,7923.9875790990955,M6597,13033.032996286885,14006.885290934251,0,0,2025-05-13 11:57:40
661,DEBIT,851.854371188908,C5695,5347.8014323962625,4495.947061207355,M6297,41659.19191995066,42511.046291139566,0,0,2025-05-13 11:57:41
661,CASH_OUT,291.84099392898895,C7826,738.3453118172681,446.50431788827916,M4513,16467.69267383495,16759.53366776394,0,0,2025-05-13 11:57:41
661,TRANSFER,216.7047374227225,C3519,506.70193103103236,289.9971936083099,M8114,384.68756313324025,601.3923005559627,0,0,2025-05-13 11:57:41
661,TRANSFER,295.12692713460035,C4477,1354.1943126519823,1059.0673855173818,M3267,10509.185464168026,10804.312391302627,0,0,2025-05-13 11:57:41
661,DEBIT,799.6200460258561,C1260,6380.431847293741,5580.811801267885,M1359,35242.65024640245,36042.27029242831,0,0,2025-05-13 11:57:41
661,CASH_OUT,244623.836827071,C1393,293548.6041924852,48924.76736541421,M9323,41908.54376036793,286532.38058743894,1,1,2025-05-13 11:57:41
661,CASH_OUT,986.3274680809367,C5385,1274.4563973600598,288.1289292791231,M4187,35952.66173192736,36938.98920000829,0,0,2025-05-13 11:57:41
661,TRANSFER,379.822978112272,C7218,2093.503822759211,1713.6808446469388,M1938,43948.111515803146,44327.93449391542,0,0,2025-05-13 11:57:41
661,CASH_OUT,964.0979498686403,C4928,4323.356301347902,3359.2583514792623,M9917,42976.03517452646,43940.133124395106,0,0,2025-05-13 11:57:41
661,TRANSFER,813.3439746608309,C8156,1471.6214503571878,658.2774756963569,M1561,39592.12662380474,40405.47059846557,0,0,2025-05-13 11:57:41
662,PAYMENT,838.0327315892769,C4615,7778.670722955982,6940.637991366704,M3300,26849.003437217034,27687.03616880631,0,0,2025-05-13 11:57:42
662,DEBIT,814.1081981476578,C3247,8127.632428494033,7313.524230346375,M2701,18055.423796807674,18869.53199495533,0,0,2025-05-13 11:57:42
662,TRANSFER,602.1604873704181,C2169,2183.4284612598785,1581.2679738894603,M1570,5350.169624346812,5952.3301117172305,0,0,2025-05-13 11:57:42
662,CASH_OUT,125936.11616664144,C3834,151123.33939996973,25187.22323332829,M3403,29177.78430473484,155113.90047137628,0,1,2025-05-13 11:57:42
662,CASH_OUT,967.1369580908457,C8004,3041.301913516313,2074.1649554254673,M5279,26306.701535326276,27273.838493417123,0,0,2025-05-13 11:57:42
662,DEBIT,460.4459140678776,C7732,915.4360026060375,454.9900885381599,M9685,16483.65169148015,16944.097605548028,0,0,2025-05-13 11:57:42
662,CASH_OUT,214.6648659209741,C1869,364.763027715422,150.09816179444792,M9407,21623.67375572214,21838.338621643114,0,0,2025-05-13 11:57:42
662,TRANSFER,140801.4995820686,C3589,168961.7994984823,28160.2999164137,M1717,42649.02962696443,183450.529209033,0,0,2025-05-13 11:57:42
662,CASH_OUT,821.0749271067953,C3555,7333.448118107592,6512.373191000796,M4866,37006.77273809105,37827.84766519785,0,0,2025-05-13 11:57:42
662,DEBIT,55.03532620349018,C9277,376.75109526240294,321.71576905891277,M8400,5306.089568807487,5361.1248950109775,0,0,2025-05-13 11:57:42
663,TRANSFER,599.4043792432902,C5283,3236.626939352232,2637.2225601089417,M8714,11293.343149582392,11892.747528825681,0,0,2025-05-13 11:57:43
663,DEBIT,296.08624236208084,C7062,2279.184474476522,1983.0982321144413,M6783,48208.86946267078,48504.95570503286,0,0,2025-05-13 11:57:43
663,TRANSFER,1.1299074816404078,C5141,2.082569313813192,0.9526618321727844,M4825,13694.050712025135,13695.180619506775,0,1,2025-05-13 11:57:43
663,CASH_OUT,82.27143148267768,C4687,257.0419529852131,174.7705215025354,M2681,21222.223961335192,21304.49539281787,0,0,2025-05-13 11:57:43
663,TRANSFER,528.3629699938416,C4157,572.1801028456832,43.81713285184162,M3876,15000.747588369972,15529.110558363813,0,0,2025-05-13 11:57:43
663,PAYMENT,328.19175351381733,C1258,1753.7255391186711,1425.5337856048538,M1262,32643.147659854098,32971.33941336792,0,0,2025-05-13 11:57:43
663,PAYMENT,246.30583403357736,C8025,2252.9542829561733,2006.648448922596,M1626,26855.469926804893,27101.77576083847,0,0,2025-05-13 11:57:43
663,DEBIT,688.7083433418978,C1513,1762.9439150717349,1074.235571729837,M6070,9935.549085427936,10624.257428769833,0,0,2025-05-13 11:57:43
663,PAYMENT,602.701297275635,C6241,5780.488149652303,5177.786852376668,M6216,33199.526401946445,33802.22769922208,0,0,2025-05-13 11:57:43
663,CASH_OUT,525.3000833779611,C5124,839.1621647458715,313.8620813679104,M4318,30703.724644255177,31229.02472763314,0,0,2025-05-13 11:57:43
664,DEBIT,125.69027618362486,C2770,997.575958347303,871.8856821636781,M6575,44270.588413620084,44396.27868980371,0,0,2025-05-13 11:57:44
664,PAYMENT,259.4812148563032,C8329,599.9960322817631,340.51481742545985,M7114,47515.8980152919,47775.3792301482,0,0,2025-05-13 11:57:44
664,PAYMENT,762.0464805098275,C3806,3977.1672031384596,3215.1207226286324,M3417,1479.1648757935704,2241.211356303398,0,0,2025-05-13 11:57:44
664,CASH_OUT,4.217544845021338,C8036,39.58988371377585,35.37233886875451,M1221,20422.653516854665,20426.871061699687,0,1,2025-05-13 11:57:44
664,CASH_OUT,847.3784161278445,C8241,6682.758498100557,5835.380081972712,M6713,26454.291664947854,27301.6700810757,0,0,2025-05-13 11:57:44
664,DEBIT,937.6745384435923,C5968,3090.461311407645,2152.786772964053,M7554,14580.711740044606,15518.386278488199,0,0,2025-05-13 11:57:44
664,TRANSFER,90.19680875028727,C6609,884.7565719939938,794.5597632437066,M9156,43246.485557993765,43336.682366744055,0,0,2025-05-13 11:57:44
664,TRANSFER,946.0080729511726,C6722,5685.032140069257,4739.0240671180845,M5273,36727.502125360115,37673.51019831129,0,0,2025-05-13 11:57:44
664,TRANSFER,445.23230835386784,C1256,1294.1620254978095,848.9297171439416,M6918,48545.05914661485,48990.29145496871,0,0,2025-05-13 11:57:44
664,TRANSFER,508.2901061272721,C4467,2637.8600065292476,2129.5699004019752,M8527,38046.7164680594,38555.00657418667,0,0,2025-05-13 11:57:44
665,CASH_OUT,191421.22124742408,C6713,229705.4654969089,38284.24424948482,M4352,25268.586108026197,216689.8073554503,0,0,2025-05-13 11:57:45
665,CASH_OUT,131735.8580338052,C6727,158083.02964056624,26347.171606761025,M5764,1743.1715350412157,133479.02956884642,0,0,2025-05-13 11:57:45
665,PAYMENT,935.6210160448641,C5970,7961.071471995585,7025.45045595072,M7599,40039.21271643335,40974.83373247821,0,0,2025-05-13 11:57:45
665,PAYMENT,255.78500079037605,C7209,2351.2534223358907,2095.4684215455145,M6955,9795.892803067474,10051.67780385785,0,0,2025-05-13 11:57:45
665,TRANSFER,195111.58608833913,C5070,234133.90330600695,39022.31721766782,M8612,8711.407582537779,203822.9936708769,0,0,2025-05-13 11:57:45
665,PAYMENT,435.8320682911252,C5694,1860.5441370722751,1424.7120687811498,M7237,41184.641636369175,41620.4737046603,0,0,2025-05-13 11:57:45
665,CASH_OUT,427.28626683787405,C5328,455.08188343590484,27.79561659803079,M9138,12379.56613174999,12806.852398587866,0,0,2025-05-13 11:57:45
665,TRANSFER,54.477635127671306,C5884,154.71889802188474,100.24126289421343,M9142,38094.95661144933,38149.434246577,0,0,2025-05-13 11:57:45
665,TRANSFER,218915.17851559288,C3479,262698.2142187114,43783.03570311854,M8539,29694.593159147866,248609.77167474074,1,1,2025-05-13 11:57:45
665,TRANSFER,593.7716784039468,C3319,2561.4715364030217,1967.699857999075,M6557,12314.346508199664,12908.118186603611,0,0,2025-05-13 11:57:45
666,PAYMENT,2.1253411716673885,C8117,11.37857374124203,9.253232569574642,M2794,24411.674453933385,24413.799795105053,0,1,2025-05-13 11:57:46
666,TRANSFER,528.6603233736311,C2240,4676.9386489643275,4148.278325590696,M8581,17968.92912813562,18497.58945150925,0,0,2025-05-13 11:57:46
666,CASH_OUT,384.8444296290117,C2869,2421.735685352158,2036.891255723146,M6545,49484.81273195653,49869.65716158554,0,0,2025-05-13 11:57:46
666,TRANSFER,508.84309219683234,C6533,5031.970522432903,4523.127430236071,M6535,19051.62628790473,19560.469380101564,0,0,2025-05-13 11:57:46
666,PAYMENT,28844.674172547733,C5070,34613.609007057275,5768.934834509542,M4779,31522.54244849723,60367.216621044965,0,0,2025-05-13 11:57:46
666,DEBIT,268.2222217642721,C3565,1512.2705086438086,1244.0482868795366,M1172,42958.06180406403,43226.2840258283,0,0,2025-05-13 11:57:46
666,TRANSFER,33.51888846108312,C5603,177.93326859729143,144.4143801362083,M1656,185.05284300038284,218.57173146146596,0,0,2025-05-13 11:57:46
666,CASH_OUT,463.87263583876916,C8020,3764.7900301695345,3300.917394330765,M1592,8907.41736574302,9371.290001581789,0,0,2025-05-13 11:57:46
666,TRANSFER,520.1567564604893,C4717,2165.7176291733513,1645.560872712862,M1579,8180.783306087031,8700.940062547521,0,0,2025-05-13 11:57:46
666,PAYMENT,850.4429629350706,C3008,3773.471939300104,2923.0289763650335,M5452,17982.928188963364,18833.371151898435,0,0,2025-05-13 11:57:46
667,TRANSFER,544.4158150246078,C3555,4131.733984649106,3587.3181696244983,M7754,26293.240168983284,26837.65598400789,0,0,2025-05-13 11:57:47
667,CASH_OUT,985.4643511515857,C1548,5964.923778050916,4979.45942689933,M9423,43047.30090139685,44032.76525254843,0,0,2025-05-13 11:57:47
667,PAYMENT,710.6315567202043,C4322,3136.8818008494172,2426.2502441292127,M4557,17677.62420780012,18388.255764520323,0,0,2025-05-13 11:57:47
667,TRANSFER,289.8866523038341,C9098,2222.7743409130453,1932.8876886092112,M9481,5332.250439137215,5622.137091441049,0,0,2025-05-13 11:57:47
667,DEBIT,718.8055047130495,C3577,893.0338431054739,174.22833839242446,M5567,20370.057485956135,21088.862990669186,0,0,2025-05-13 11:57:47
667,CASH_OUT,567.7554982628287,C7444,5461.94119505367,4894.185696790841,M8741,28405.251812822706,28973.007311085534,0,0,2025-05-13 11:57:47
667,DEBIT,313.67893353661486,C8337,2447.1124472199526,2133.433513683338,M1301,2051.839148602236,2365.518082138851,0,0,2025-05-13 11:57:47
667,DEBIT,445.46443079319727,C6175,2897.391402058118,2451.9269712649207,M4786,28707.157743446587,29152.622174239783,0,0,2025-05-13 11:57:47
667,DEBIT,449.2978141973433,C9810,3437.122161668801,2987.8243474714573,M4139,17421.937568111716,17871.23538230906,0,0,2025-05-13 11:57:47
667,TRANSFER,6.645026269720736,C4327,8.078636563624725,1.433610293903989,M1957,33531.2763682075,33537.92139447722,0,1,2025-05-13 11:57:47
668,TRANSFER,24.59508007572817,C2147,220.12464941529683,195.52956933956867,M6424,33914.772606070306,33939.36768614603,0,0,2025-05-13 11:57:48
668,DEBIT,556.1836363285809,C3170,4347.317719172232,3791.1340828436505,M1296,15199.633460089895,15755.817096418476,0,0,2025-05-13 11:57:48
668,TRANSFER,208.94799538527002,C9945,251.13053053688014,42.182535151610125,M5995,27365.387717346588,27574.33571273186,0,0,2025-05-13 11:57:48
668,DEBIT,811.2151769809873,C3889,6117.940702158294,5306.725525177307,M4788,48130.90543269667,48942.12060967766,0,0,2025-05-13 11:57:48
668,CASH_OUT,710.2749145708725,C1840,5080.427274627249,4370.152360056377,M6700,46392.18318698522,47102.45810155609,0,0,2025-05-13 11:57:48
668,CASH_OUT,759.090006759728,C3337,6332.159303815326,5573.069297055598,M1378,40446.177206382854,41205.26721314258,0,0,2025-05-13 11:57:48
668,PAYMENT,775.121124877794,C8966,1295.023919077987,519.9027942001931,M6781,1342.5266295556903,2117.6477544334844,0,0,2025-05-13 11:57:48
668,TRANSFER,229.1595511375467,C8644,600.3577953666311,371.19824422908437,M7855,11732.308654690998,11961.468205828545,0,0,2025-05-13 11:57:48
668,DEBIT,94.56574927186487,C9816,729.9061903770122,635.3404411051473,M8445,12922.23753812261,13016.803287394476,0,0,2025-05-13 11:57:48
668,CASH_OUT,175300.1941151869,C7333,210360.23293822428,35060.03882303738,M5471,41961.267433712295,217261.46154889918,0,1,2025-05-13 11:57:48
669,CASH_OUT,201144.45014086127,C4854,241373.3401690335,40228.89002817223,M4290,15073.566914478448,216218.0170553397,1,1,2025-05-13 11:57:49
669,TRANSFER,861.8312834558554,C5393,2762.723934986892,1900.8926515310363,M2392,42722.7137987835,43584.545082239354,0,0,2025-05-13 11:57:49
669,PAYMENT,118.47670287662395,C2248,659.9373207730265,541.4606178964026,M6748,43206.39596452085,43324.872667397474,0,0,2025-05-13 11:57:49
669,DEBIT,332.70869406346475,C7709,3111.327377956813,2778.618683893348,M9087,32152.06007815876,32484.768772222225,0,0,2025-05-13 11:57:49
669,PAYMENT,148.16981910689464,C3410,379.7876742203582,231.61785511346358,M9127,49405.47751851818,49553.64733762507,0,0,2025-05-13 11:57:49
669,CASH_OUT,103.83760657364436,C3739,990.5535237810233,886.7159172073789,M8324,4558.630352973736,4662.467959547381,0,0,2025-05-13 11:57:49
669,DEBIT,109.7000622353175,C7859,1007.4431555427282,897.7430933074106,M8996,28420.606119510787,28530.306181746106,0,0,2025-05-13 11:57:49
669,PAYMENT,708.9544717213007,C3203,5724.767782304727,5015.813310583426,M5887,40421.31295246357,41130.26742418487,0,0,2025-05-13 11:57:49
669,DEBIT,48.658242332086544,C6834,331.027087318279,282.3688449861924,M5543,12109.650042554033,12158.30828488612,0,0,2025-05-13 11:57:49
669,PAYMENT,842.7030848023458,C2672,7073.993898947731,6231.290814145385,M1521,22216.33583618451,23059.038920986855,0,0,2025-05-13 11:57:49
670,TRANSFER,189.09460951331366,C7071,302.2512316406605,113.15662212734682,M4713,29923.962979625623,30113.057589138938,0,0,2025-05-13 11:57:50
670,DEBIT,897.1804275750143,C6168,7273.8935324724,6376.713104897385,M7585,28799.558291325393,29696.738718900408,0,0,2025-05-13 11:57:50
670,TRANSFER,557.8713292814741,C6807,3233.322074060555,2675.450744779081,M3545,14648.088749267152,15205.960078548625,0,0,2025-05-13 11:57:50
670,CASH_OUT,789.9022351546301,C9810,7386.0701044071775,6596.1678692525475,M5626,31491.655243610407,32281.557478765037,0,0,2025-05-13 11:57:50
670,TRANSFER,246314.63608034054,C4336,295577.5632964086,49262.927216068085,M8910,10414.682392231367,256729.3184725719,1,1,2025-05-13 11:57:50
670,PAYMENT,390.5725913735417,C5880,3656.97054197055,3266.3979505970083,M4232,16051.162268618556,16441.7348599921,0,0,2025-05-13 11:57:50
670,PAYMENT,288.1630757785791,C3492,302.22986875255185,14.066792973972724,M6879,47574.81621601902,47862.9792917976,0,0,2025-05-13 11:57:50
670,TRANSFER,284.6267178364166,C5821,1668.4067345759042,1383.7800167394876,M1685,25939.199279791163,26223.82599762758,0,0,2025-05-13 11:57:50
670,TRANSFER,53.41526245911182,C7146,224.71334458499638,171.29808212588455,M6169,48303.64435342179,48357.059615880906,0,0,2025-05-13 11:57:50
670,TRANSFER,438.4551541447611,C7225,1023.3127331641458,584.8575790193847,M8746,12559.681925507304,12998.137079652066,0,0,2025-05-13 11:57:50
671,TRANSFER,190491.63165106767,C2224,228589.9579812812,38098.32633021352,M8884,2812.0884787115274,193303.7201297792,0,0,2025-05-13 11:57:51
671,DEBIT,532.5940173948142,C1003,5030.2211518606555,4497.627134465842,M5495,2159.962011361677,2692.5560287564913,0,0,2025-05-13 11:57:51
671,CASH_OUT,166.55024008687454,C5763,371.4088222520086,204.85858216513404,M4624,3084.2034050996667,3250.7536451865412,0,0,2025-05-13 11:57:51
671,PAYMENT,369.7409787373565,C7534,813.9246674370593,444.18368869970277,M6673,23835.80634714903,24205.54732588639,0,0,2025-05-13 11:57:51
671,CASH_OUT,49.81327998427948,C8596,214.39691039235794,164.58363040807845,M7697,30183.55892906709,30233.37220905137,0,0,2025-05-13 11:57:51
671,DEBIT,529.6855685821836,C4685,1713.6205211311135,1183.93495254893,M6957,764.9559218808222,1294.6414904630058,0,0,2025-05-13 11:57:51
671,CASH_OUT,970.6981155156881,C6932,7940.8033583749675,6970.105242859279,M4853,18162.37407306423,19133.072188579918,0,0,2025-05-13 11:57:51
671,CASH_OUT,644.5401429069631,C6847,1241.638367936173,597.0982250292099,M9859,35829.18270324725,36473.72284615421,0,0,2025-05-13 11:57:51
671,TRANSFER,7.858362133961139,C4961,51.99525466843119,44.13689253447005,M8511,9956.380733490489,9964.239095624449,0,1,2025-05-13 11:57:51
671,CASH_OUT,30.86914538546545,C6341,111.06208370212562,80.19293831666016,M2028,41445.554830308836,41476.4239756943,0,0,2025-05-13 11:57:51
672,DEBIT,954.4047266433594,C3552,2654.149571488631,1699.7448448452715,M4504,38749.03444137463,39703.43916801799,0,0,2025-05-13 11:57:52
672,PAYMENT,364.40360720745946,C4038,2382.582919132594,2018.1793119251342,M8698,32337.675241437995,32702.078848645455,0,0,2025-05-13 11:57:52
672,TRANSFER,86.97354511044071,C6951,757.0498636013808,670.0763184909401,M2615,36738.983460020754,36825.9570051312,0,0,2025-05-13 11:57:52
672,CASH_OUT,1.097261097062939,C3789,1.44259356877975,0.3453324717168109,M3614,30139.707774749102,30140.805035846166,0,1,2025-05-13 11:57:52
672,PAYMENT,588.5832731829632,C4659,5197.993614026742,4609.410340843779,M4579,9866.371289522674,10454.954562705638,0,0,2025-05-13 11:57:52
672,DEBIT,689.0683496761338,C6513,4847.317946214092,4158.2495965379585,M2310,20691.762441309693,21380.830790985827,0,0,2025-05-13 11:57:52
672,PAYMENT,775.1998252765889,C7109,4219.642972667498,3444.443147390909,M1812,42573.86014876414,43349.059974040734,0,0,2025-05-13 11:57:52
672,TRANSFER,993.7130486570851,C8050,1769.282763753149,775.569715096064,M8037,48494.48104426305,49488.19409292013,0,0,2025-05-13 11:57:52
672,DEBIT,925.5845514976616,C5614,7324.739654959891,6399.155103462229,M6143,29419.096048035746,30344.680599533407,0,0,2025-05-13 11:57:52
672,PAYMENT,497.73911385348964,C3945,749.9445164040726,252.20540255058296,M1813,14868.17706270243,15365.91617655592,0,0,2025-05-13 11:57:52
673,DEBIT,173.20533604448622,C2541,339.32329439187276,166.11795834738655,M6965,1219.3049327144934,1392.5102687589797,0,0,2025-05-13 11:57:53
673,CASH_OUT,352.58008523476224,C7990,2824.7849654635293,2472.2048802287673,M2223,3152.2228965924546,3504.802981827217,0,0,2025-05-13 11:57:53
673,DEBIT,278.1403861831908,C3669,1262.1087836370962,983.9683974539054,M4984,25981.7538668409,26259.89425302409,0,0,2025-05-13 11:57:53
673,TRANSFER,773.3108984934638,C1601,5303.658720955424,4530.347822461959,M8176,29690.40901960427,30463.719918097733,0,0,2025-05-13 11:57:53
673,PAYMENT,360.77058006258443,C1196,1504.5814703357653,1143.8108902731808,M8222,30429.97918697186,30790.749767034446,0,0,2025-05-13 11:57:53
673,PAYMENT,950.3877981899999,C3961,1743.21330964677,792.8255114567702,M2070,15077.147948956272,16027.535747146272,0,0,2025-05-13 11:57:53
673,DEBIT,5.390836445429228,C6568,11.495510749839188,6.10467430440996,M7094,46848.10513724508,46853.495973690515,0,1,2025-05-13 11:57:53
673,CASH_OUT,518.1906213426863,C4841,4784.20571464264,4266.015093299953,M3974,34252.773006111114,34770.9636274538,0,0,2025-05-13 11:57:53
673,TRANSFER,390.3556552933031,C5877,3690.241213789821,3299.8855584965177,M4332,23784.39522151256,24174.750876805865,0,0,2025-05-13 11:57:53
673,DEBIT,641.7684992791162,C2544,5075.913568358231,4434.145069079114,M2461,23681.26076873997,24323.029268019083,0,0,2025-05-13 11:57:53
674,TRANSFER,347.31573466792935,C2796,409.16413553196975,61.8484008640404,M5896,2640.5219532451674,2987.837687913097,0,0,2025-05-13 11:57:54
674,DEBIT,591.51683014457,C2807,3672.398406156371,3080.881576011801,M5412,35044.922622119186,35636.43945226375,0,0,2025-05-13 11:57:54
674,TRANSFER,725.1362036556815,C5168,900.0767422068799,174.94053855119842,M2972,47404.971774613456,48130.10797826914,0,0,2025-05-13 11:57:54
674,CASH_OUT,371.6254905110044,C6530,1128.3724888223574,756.746998311353,M7329,966.4700806632676,1338.095571174272,0,0,2025-05-13 11:57:54
674,PAYMENT,344.24583700309734,C5655,1701.7464894707991,1357.500652467702,M4033,7329.135226469452,7673.38106347255,0,0,2025-05-13 11:57:54
674,CASH_OUT,318.8389695323287,C8606,2167.2631691145825,1848.4241995822538,M9665,4219.938884093083,4538.777853625412,0,0,2025-05-13 11:57:54
674,TRANSFER,9.684583356106161,C8579,62.56033412025421,52.87575076414805,M3633,9912.385904447823,9922.070487803929,0,1,2025-05-13 11:57:54
674,TRANSFER,871.1744955125112,C1595,7572.4532674721595,6701.278771959648,M5301,7963.049680245709,8834.22417575822,0,0,2025-05-13 11:57:54
674,PAYMENT,880.7065085338216,C6432,7485.310653958696,6604.604145424874,M3304,3620.3556014644923,4501.062109998314,0,0,2025-05-13 11:57:54
674,PAYMENT,703.2690110484142,C6547,5272.105852511869,4568.836841463454,M4497,23610.286185020614,24313.555196069028,0,0,2025-05-13 11:57:54
675,PAYMENT,551.8040962924999,C5023,2445.921973219016,1894.117876926516,M4342,18977.75360199134,19529.55769828384,0,0,2025-05-13 11:57:55
675,DEBIT,527.8609105750709,C7588,1984.7657640347359,1456.904853459665,M1800,8289.325743302406,8817.186653877478,0,0,2025-05-13 11:57:55
675,DEBIT,189.41047241287623,C6141,503.9712786953157,314.56080628243944,M8378,27286.23507082315,27475.645543236027,0,0,2025-05-13 11:57:55
675,PAYMENT,39.66559912405192,C4095,269.83277491032527,230.16717578627333,M1581,44413.074941606545,44452.7405407306,0,0,2025-05-13 11:57:55
675,CASH_OUT,384.9342681253083,C9567,623.3933043333698,238.4590362080615,M4500,37299.01808517661,37683.952353301924,0,0,2025-05-13 11:57:55
675,DEBIT,970.0346487660938,C1769,1217.7762412256352,247.74159245954138,M1877,31543.552875417674,32513.587524183768,0,0,2025-05-13 11:57:55
675,CASH_OUT,100396.26610519025,C1618,120475.5193262283,20079.253221038045,M8834,43289.19020819133,143685.45631338158,0,0,2025-05-13 11:57:55
675,DEBIT,494.9289687081588,C6691,1927.3181564058773,1432.3891876977186,M9618,26450.657146063422,26945.58611477158,0,0,2025-05-13 11:57:55
675,TRANSFER,7.867951296512168,C5580,53.09227048284094,45.22431918632877,M9637,756.1358260490703,764.0037773455824,0,1,2025-05-13 11:57:55
675,CASH_OUT,874.4841385391574,C7867,5258.008629420729,4383.524490881572,M4727,47038.51047106338,47912.99460960254,0,0,2025-05-13 11:57:55
676,CASH_OUT,301.8616291389372,C5577,2799.949829849021,2498.088200710084,M1888,40061.38599879576,40363.2476279347,0,0,2025-05-13 11:57:56
676,DEBIT,7.7411497947556045,C6076,74.24062510232163,66.49947530756603,M4462,3897.128586377252,3904.8697361720074,0,1,2025-05-13 11:57:56
676,CASH_OUT,731.7679783896001,C5799,3444.2245251410213,2712.4565467514212,M9986,31863.480993071415,32595.248971461013,0,0,2025-05-13 11:57:56
676,TRANSFER,437.0869820134307,C9791,2342.516599139949,1905.4296171265182,M1607,13528.13816809929,13965.225150112721,0,0,2025-05-13 11:57:56
676,TRANSFER,163.32769201352002,C3210,548.0934754882239,384.7657834747039,M2500,5630.35449347814,5793.682185491661,0,0,2025-05-13 11:57:56
676,TRANSFER,478.6953458898686,C2688,1582.4219024817428,1103.7265565918742,M4762,39398.27387787111,39876.96922376098,0,0,2025-05-13 11:57:56
676,PAYMENT,600.2376353912127,C4619,2534.2686693154396,1934.031033924227,M9794,46671.09261225737,47271.330247648584,0,0,2025-05-13 11:57:56
676,DEBIT,585.5392861134826,C9129,4987.51883558128,4401.979549467797,M9021,4563.186096981259,5148.725383094741,0,0,2025-05-13 11:57:56
676,PAYMENT,788.1610661034838,C2298,4165.30067875311,3377.1396126496265,M6468,20600.709176143235,21388.870242246718,0,0,2025-05-13 11:57:56
676,CASH_OUT,816.0350256019202,C9799,7919.981308649468,7103.946283047548,M3555,31948.516762752384,32764.551788354303,0,0,2025-05-13 11:57:56
677,PAYMENT,712.8859657146305,C1005,1804.3218287485838,1091.4358630339534,M1829,15601.065203248898,16313.95116896353,0,0,2025-05-13 11:57:57
677,DEBIT,590.529441733268,C5674,1979.4992437539904,1388.9698020207225,M3122,23803.374735862704,24393.90417759597,0,0,2025-05-13 11:57:57
677,CASH_OUT,697.5949438230317,C7655,4858.705364805246,4161.110420982214,M5590,37637.78034258563,38335.375286408664,0,0,2025-05-13 11:57:57
677,PAYMENT,38.138784643152164,C6087,223.41177493337386,185.27299029022168,M2662,41927.56188130153,41965.700665944685,0,0,2025-05-13 11:57:57
677,CASH_OUT,690.7469611365675,C7094,2522.210651552801,1831.4636904162337,M2417,45514.996383961174,46205.74334509774,0,0,2025-05-13 11:57:57
677,DEBIT,633.365846939274,C1743,6075.601330416745,5442.2354834774715,M2929,39477.62922691881,40110.99507385809,0,0,2025-05-13 11:57:57
677,TRANSFER,9.500353071706483,C3677,43.243459238559346,33.74310616685286,M2551,35442.78281842889,35452.283171500596,0,1,2025-05-13 11:57:57
677,DEBIT,721.749923498974,C4415,2081.815419201749,1360.065495702775,M8815,13483.24890818986,14204.998831688834,0,0,2025-05-13 11:57:57
677,DEBIT,352.98520457808485,C6073,1376.7882879414424,1023.8030833633575,M1349,17232.385260163563,17585.37046474165,0,0,2025-05-13 11:57:57
677,CASH_OUT,563.080663662219,C1075,5493.348903499905,4930.2682398376855,M7674,30742.77753212624,31305.85819578846,0,0,2025-05-13 11:57:57
678,TRANSFER,563.917231131138,C8097,2607.339411133896,2043.422180002758,M1758,18076.76620661774,18640.683437748878,0,0,2025-05-13 11:57:58
678,CASH_OUT,3.8137367656313823,C1931,11.702872674032916,7.889135908401533,M6914,13248.732269827906,13252.546006593537,0,1,2025-05-13 11:57:58
678,CASH_OUT,793.6271359926569,C1127,2332.2384281484365,1538.6112921557797,M2737,31111.235975794545,31904.863111787203,0,0,2025-05-13 11:57:58
678,TRANSFER,689.5510413450936,C5350,1981.2974339102004,1291.7463925651068,M1228,6012.497477488954,6702.048518834048,0,0,2025-05-13 11:57:58
678,PAYMENT,587.9433014217883,C7482,3379.1422462244755,2791.198944802687,M5628,12140.303803991508,12728.247105413297,0,0,2025-05-13 11:57:58
678,PAYMENT,907.0911935244789,C2856,7504.626113762756,6597.534920238278,M8039,18647.160291347176,19554.251484871656,0,0,2025-05-13 11:57:58
678,TRANSFER,126456.27196265227,C2591,151747.52635518272,25291.25439253045,M9407,9560.458303397196,136016.73026604948,0,0,2025-05-13 11:57:58
678,TRANSFER,567.1969873506212,C8294,3790.370531076219,3223.1735437255975,M6204,42226.02979118541,42793.22677853603,0,0,2025-05-13 11:57:58
678,CASH_OUT,710.1127274183395,C9237,3777.967945578571,3067.8552181602313,M5114,18084.039823129457,18794.152550547795,0,0,2025-05-13 11:57:58
678,DEBIT,542.4158046649272,C9319,4434.802928388079,3892.3871237231515,M9822,22274.224829397994,22816.640634062922,0,0,2025-05-13 11:57:58
679,TRANSFER,924.390698874846,C2021,7913.367254828776,6988.97655595393,M5748,11886.24482795973,12810.635526834576,0,0,2025-05-13 11:57:59
679,CASH_OUT,912.7523852650588,C6711,3773.4924725323917,2860.740087267333,M3863,12911.898797196125,13824.651182461184,0,0,2025-05-13 11:57:59
679,PAYMENT,375.0830664327643,C1872,3334.0864017698605,2959.0033353370964,M6926,30083.725235929014,30458.80830236178,0,0,2025-05-13 11:57:59
679,PAYMENT,673.5917940633701,C9301,1000.4049281656278,326.81313410225766,M6732,18431.909506329757,19105.501300393127,0,0,2025-05-13 11:57:59
679,CASH_OUT,132744.687419837,C9905,159293.6249038044,26548.9374839674,M4739,17627.458314731324,150372.1457345683,0,1,2025-05-13 11:57:59
679,DEBIT,750.6405869703731,C9065,6247.6506232879065,5497.010036317533,M4374,19698.282209248664,20448.922796219038,0,0,2025-05-13 11:57:59
679,TRANSFER,225.06241462603438,C9021,833.7047843925413,608.6423697665069,M8970,43013.16240892668,43238.224823552715,0,0,2025-05-13 11:57:59
679,DEBIT,538.9846724206081,C3788,1666.2367551507418,1127.2520827301337,M7156,4645.65485914798,5184.639531568588,0,0,2025-05-13 11:57:59
679,CASH_OUT,906.5354486447528,C2811,1479.6328390936878,573.097390448935,M6537,29390.660732618333,30297.196181263087,0,0,2025-05-13 11:57:59
679,DEBIT,15.572123369215266,C6721,30.957656571561696,15.38553320234643,M4145,42856.833276283265,42872.40539965248,0,0,2025-05-13 11:57:59
680,DEBIT,19.786401030096222,C1000,153.08792510116368,133.30152407106746,M3818,2356.0224072296187,2375.808808259715,0,0,2025-05-13 11:58:00
680,TRANSFER,143.56697878606386,C7665,1408.6144173380435,1265.0474385519797,M2141,30064.455523289875,30208.02250207594,0,0,2025-05-13 11:58:00
680,TRANSFER,880.5812104668637,C9922,2215.804553440211,1335.2233429733471,M2807,15657.936861013417,16538.51807148028,0,0,2025-05-13 11:58:00
680,CASH_OUT,21.791842207766052,C3351,184.84076868392782,163.04892647616177,M1071,3831.336837164345,3853.128679372111,0,0,2025-05-13 11:58:00
680,DEBIT,916.1035097049521,C7261,5126.63503937212,4210.531529667169,M3963,7446.769998759295,8362.873508464247,0,0,2025-05-13 11:58:00
680,DEBIT,290.18580467982906,C6318,700.6416701549974,410.45586547516837,M5222,30874.457900303416,31164.643704983246,0,0,2025-05-13 11:58:00
680,PAYMENT,698.238315752552,C9746,3847.9226380852756,3149.6843223327237,M6845,48245.52798765865,48943.766303411205,0,0,2025-05-13 11:58:00
680,CASH_OUT,281776.8878766167,C5843,338132.26545194,56355.377575323335,M9474,9243.820342776893,291020.70821939356,1,1,2025-05-13 11:58:00
680,CASH_OUT,859.6947793295712,C8741,8060.51121287469,7200.816433545118,M5565,9642.564487599526,10502.259266929097,0,0,2025-05-13 11:58:00
680,DEBIT,540.7709588544116,C9488,2173.6216973134306,1632.8507384590189,M9755,32510.202305122188,33050.9732639766,0,0,2025-05-13 11:58:00
681,DEBIT,870.6465966200014,C6944,1288.385744279873,417.7391476598716,M4867,23112.924457711342,23983.571054331343,0,0,2025-05-13 11:58:01
681,PAYMENT,3.8710185396438206,C2379,8.98698355114033,5.11596501149651,M2783,24190.0637741747,24193.934792714346,0,1,2025-05-13 11:58:01
681,DEBIT,570.7900707877294,C3775,1667.2571799032162,1096.467109115487,M4881,14052.53614069144,14623.326211479169,0,0,2025-05-13 11:58:01
681,DEBIT,320.2575821384309,C9957,1863.343493432498,1543.085911294067,M6859,15225.207318779478,15545.464900917908,0,0,2025-05-13 11:58:01
681,CASH_OUT,281.84946600881597,C9220,1157.4219795493746,875.5725135405586,M7475,31388.433671054383,31670.283137063198,0,0,2025-05-13 11:58:01
681,CASH_OUT,895.8090005146303,C8446,8106.703574695828,7210.894574181198,M4967,5407.908399346462,6303.717399861092,0,0,2025-05-13 11:58:01
681,TRANSFER,33392.46307333264,C5622,40070.955687999165,6678.492614666524,M2858,42582.122335876884,75974.58540920953,0,0,2025-05-13 11:58:01
681,PAYMENT,403.10563145830184,C9998,1127.2017174265568,724.096085968255,M8033,1392.0512892154625,1795.1569206737643,0,0,2025-05-13 11:58:01
681,DEBIT,140.58887475834766,C1723,1033.6756465902754,893.0867718319278,M4451,45571.06201373949,45711.65088849783,0,0,2025-05-13 11:58:01
681,TRANSFER,476.5632234751571,C6228,2511.392452632063,2034.829229156906,M7666,26004.06302456119,26480.626248036348,0,0,2025-05-13 11:58:01
